,0,1,2,3,4,5,6,7,8,9
0,12.042899,4.7322435,0.63813025,1.0483379,0.45806947,-9.743334,-4.1383195,-3.7830002,2.0620742,-8.346753
1,0.20282628,4.43184,8.152174,4.251009,7.5500236,-21.395748,-4.6050944,1.1103886,10.643298,-2.348628
2,13.775968,4.190498,20.616364,10.306988,-1.3381255,-32.37112,-6.7598343,-13.2305355,-4.9441805,-11.859148
3,14.657275,-2.043954,13.033746,-3.056316,-5.1991377,-23.931746,20.75991,-7.5680966,-0.80866516,-9.596979
4,15.444433,7.096611,10.005788,2.8043265,5.6802816,-19.372396,-12.298639,-11.557044,1.0417792,-14.534175
5,11.912034,16.927809,8.7833185,5.5763226,2.5843148,-25.359255,-19.068079,8.635878,4.739236,-6.4429393
6,5.387038,2.0709047,8.437514,8.514206,4.408372,-20.965883,-8.841379,-3.276051,6.5518494,-6.235954
7,6.0513997,-0.20492138,2.4619834,-5.0124197,3.1513054,20.985056,3.874184,-1.3323058,-17.183262,-8.679056
8,2.9857373,9.904254,5.3730493,-1.1546286,2.1604192,0.062900364,-10.311647,-3.5346859,-2.3107712,-4.852269
9,15.00557,5.034703,12.025269,8.568899,0.4578976,-27.1544,-13.727788,-8.20256,3.9823635,-11.982601
10,-6.4941998,9.795847,3.593927,-2.568987,16.585644,-3.782456,10.966394,-2.5265722,-11.991533,-11.162015
11,5.019522,10.806866,3.8557487,1.9268757,8.283774,-22.800568,-16.826143,-17.246264,1.1487439,9.939389
12,9.091283,2.2692099,9.440594,11.710239,10.080034,-22.221062,-16.458193,-5.281348,6.216225,-13.001233
13,4.3086185,0.7443198,11.827213,40.504517,12.5054245,-42.51246,-31.016113,-5.406329,6.6172013,-7.4487853
14,12.045021,-4.463212,11.844361,12.442818,12.446419,-29.062542,-15.792285,-11.292416,3.3191075,-12.593105
15,-9.74858,23.707134,6.7206216,2.236981,7.116901,-10.652873,-14.119221,15.800529,-12.106402,-0.88646436
16,6.0952754,7.920083,3.8228564,-8.140833,5.5752773,-0.39803815,0.5063665,5.5210943,-15.596564,-7.0202293
17,6.9074693,12.679616,3.6064107,-2.0322752,-1.0123494,3.526065,-9.563801,-4.6291404,0.5826507,-0.9034988
18,8.545365,4.9322915,4.07576,2.3843837,2.5910509,-21.22377,8.777211,-14.164074,-1.5888042,0.9144201
19,-3.9234774,7.515955,3.683032,0.23139066,10.075627,-6.116025,3.3291287,-0.73924905,-3.852551,-10.73325
20,7.650291,13.166033,8.618797,5.2737274,7.210973,-21.948328,-19.936193,-4.549461,6.1255574,-3.4005187
21,11.526967,3.4782548,7.7496514,5.7559013,4.0113297,-19.854555,-5.532373,-0.84565574,2.2256634,-5.468209
22,5.5618825,11.44461,5.0926404,0.09472205,-4.839204,2.9344554,-10.795136,1.4877405,-1.1876147,-3.2730448
23,-2.531128,15.61695,3.6983943,0.27886805,7.632518,-7.049225,-9.297702,3.4856253,-6.3527455,-4.297491
24,6.7349515,11.169933,1.6743213,-2.5648055,-1.681622,-14.279936,21.387882,-6.268537,-8.939015,-2.0662603
25,9.9327,0.07656483,12.450246,27.505766,0.6952977,-32.289074,-11.66941,-16.89666,6.2358756,-11.77046
26,5.535649,11.134555,0.55170363,-0.28921747,8.674071,-19.082586,-20.678406,-15.498037,7.229798,10.277158
27,9.063324,10.630006,5.701669,2.7598329,-3.9670813,-9.347651,-6.649852,-3.6917377,1.8021178,-5.3355165
28,-6.6790223,13.007574,2.1662145,-1.1151847,16.328661,-4.0981283,-2.3544436,-6.3329477,-8.573873,-4.914815
29,7.42973,13.211147,10.823341,8.044818,6.7545843,-24.683842,-19.43673,-4.8843427,3.81363,-4.909231
30,9.748922,6.10297,8.597317,2.919139,1.7133034,-14.328878,-8.569053,-11.24236,1.0043058,-7.4693937
31,4.5393286,5.062831,6.2124653,5.0978203,2.3219247,-21.036108,-11.588192,8.711188,-1.9755872,-2.1025615
32,5.0671725,6.535539,6.856085,1.3607433,7.9343934,-23.494724,7.139228,9.179386,-9.3568735,-7.741437
33,11.683432,13.687641,10.714875,2.8042927,-1.695705,-20.273527,-13.537683,-13.866976,1.5526395,-0.3032478
34,8.361216,2.8804593,9.303187,4.164314,1.9648455,-20.700483,-7.4057183,-2.973421,6.9678807,-5.2308784
35,3.4690993,7.971685,-4.4364595,-0.104120016,9.175017,-7.4148626,5.006156,-5.9941444,-8.479856,-4.023396
36,10.136949,8.302677,10.287532,9.078877,-5.449576,-24.35415,-14.759378,-5.973929,5.1701527,-1.7352455
37,-10.150728,15.828922,0.34751764,-0.20316584,11.399788,-16.649332,-18.675081,9.594787,-4.502875,17.0255
38,6.2732687,11.303036,3.276216,1.9993668,8.70829,-24.1715,-24.813314,-18.063204,8.098039,10.772688
39,5.9098573,11.48981,3.7556179,-0.7911553,6.235372,3.556798,-13.71242,-10.909753,-1.089561,-4.9971566
40,-4.0546417,13.34429,2.0298305,0.5717818,8.017955,-15.325339,-17.483137,16.843615,-0.39697808,14.439803
41,5.3692365,9.96346,3.5098197,0.60416925,7.588239,-19.846714,-19.309517,-13.020844,-0.4685435,9.403889
42,10.626831,9.096623,5.5527782,-1.5842695,0.22875415,-15.939462,-3.990426,-3.402496,-8.318942,-1.1986465
43,13.845467,6.1553965,9.697421,2.4479856,-7.177142,-21.131805,6.479796,-1.6210542,-10.022607,-6.3273926
44,7.0668793,10.180194,1.9452375,-4.739646,-1.8268495,1.6295474,8.519111,-11.05095,-13.256524,-1.3664035
45,-7.199412,5.4185133,2.315273,17.221003,7.7216926,-12.830645,-8.019824,-0.09561492,0.21941659,-7.642406
46,11.584057,5.0490394,7.3570685,5.210541,-2.9747174,-13.817055,-5.000993,-5.6606083,2.9908602,-3.0308642
47,11.556357,-1.4918047,12.6294985,13.7223015,12.651329,-29.274477,-16.785854,-10.327208,-0.77019507,-11.189439
48,7.5429754,4.548984,2.3163252,-3.2653916,1.6919782,-2.5966222,7.8922973,-9.778391,-5.4339256,-8.930563
49,2.7493753,5.3692336,2.106455,0.7769203,-5.325031,-2.0877879,1.1546857,-9.215014,0.39389637,4.92077
50,-3.5034862,14.818684,7.8779593,-4.0976343,4.6900535,6.4661317,-3.6102314,-4.7034245,-17.378853,-2.370963
51,9.898312,11.192439,7.9240437,0.31654358,11.59319,-19.360477,-3.9431124,-10.776093,-9.4087305,-11.219521
52,2.1519957,10.9503,11.289613,5.3938065,-8.124509,-15.43993,29.020493,-12.272034,-10.1595745,-9.419192
53,3.2810767,5.835941,-0.17978658,1.9060887,2.4891918,-3.826881,-7.2092752,0.93994105,-2.3919182,-4.7593694
54,1.0004288,9.618901,24.749971,13.3095875,-5.1382933,-32.67501,1.6516284,-7.5042343,2.7663443,-8.834431
55,13.513001,4.5059953,16.204008,7.420931,-1.9120706,-30.621262,-13.313649,-11.767112,9.698744,-8.367141
56,7.484929,3.2429786,3.485871,-0.47590882,14.408806,-22.659515,-17.548372,-6.842182,8.952168,-1.6796987
57,5.8338337,12.181287,1.2714514,-0.9445468,-0.55343026,4.172851,-9.831093,-3.200544,0.8322775,-8.213423
58,16.4595,4.9575834,17.186985,5.5944905,-0.6888701,-33.518364,-19.34086,-6.5278883,10.408953,-11.792473
59,13.080927,12.548216,7.6647077,2.9047012,2.225464,-17.35564,-13.586548,-4.5683675,3.0237288,-6.8964624
60,14.90756,4.0149813,11.045097,1.733956,-3.888434,-22.835083,14.759666,-11.672902,-2.9207997,-16.339943
61,5.3371434,9.539426,7.1282277,1.6440388,2.954188,1.5812047,-10.142739,-12.431334,-1.3698194,-7.5126595
62,7.5635056,7.862035,1.8633438,-0.6931441,2.490464,-23.245558,-10.017877,11.290838,-3.4634364,3.2845116
63,12.138857,3.486888,7.7022324,-1.5524685,0.4179898,-27.411694,7.3511944,7.0943294,3.9937441,-7.1369896
64,14.579273,5.25343,8.551841,11.620453,5.3770266,-18.718893,-15.919778,-17.788982,-5.1464667,-8.432406
65,8.63222,4.2683015,7.3476086,11.560839,11.690769,-25.64178,-17.658611,-6.7851715,2.3416884,-4.446518
66,-5.4631763,13.732188,-1.4811779,-7.028153,3.4948545,36.814754,-2.2926955,-8.654425,-18.56953,-0.8616388
67,7.8752184,8.449319,2.4745204,-1.9279169,-1.3093872,-12.180366,-10.911396,-1.8882226,-10.608287,13.349097
68,4.4796557,11.166591,6.0357695,-1.964254,6.187268,7.470348,-11.440141,-7.1974483,-2.4697337,-4.444703
69,-4.631385,19.382654,5.1627293,-2.563724,10.452919,-8.0053625,-3.7867186,-10.465291,-10.481069,-1.3332961
70,5.298139,16.480165,14.236236,1.7940059,-1.6448042,-11.243089,-6.1968975,-7.3977637,-1.7780031,-10.211554
71,-3.5664036,14.580764,13.295282,8.549903,7.937377,-17.315258,-11.534963,-7.291639,-9.607642,-6.4012604
72,15.224547,-4.23908,8.706678,12.135125,5.488118,-25.749355,-6.9871593,-6.4148,5.419097,-10.854354
73,6.31227,4.5481243,9.722975,10.013125,3.3489044,-26.537369,-18.934776,-6.4134984,9.352163,-4.456857
74,1.395528,8.983099,20.001423,12.840037,8.051474,-35.826504,-8.708802,0.22612074,-0.4638492,-8.268588
75,-5.8672123,14.672881,4.8156424,-0.3241071,8.764102,-16.462093,21.497078,7.2913036,-10.642153,-9.621179
76,-0.4373981,-0.19918856,4.7992096,12.893017,16.56707,-26.404991,-22.789791,-4.434202,9.219507,-1.9635328
77,-9.998234,13.380529,2.3412848,2.7457633,16.702986,-6.354827,-4.077619,0.73808545,-6.030668,-7.7719917
78,5.518557,4.5747313,3.5729647,-3.4147985,-2.0764315,-2.0891318,1.2599664,-12.897648,-0.52558196,2.7983766
79,-4.7992454,8.179108,4.6263885,2.1721609,7.772655,-16.922108,-11.953248,12.114212,-2.5734413,10.075129
80,11.083394,9.4220915,7.997269,13.898587,-4.8857694,-27.202757,-21.437332,-2.224542,8.938787,0.6411244
81,10.223193,13.226961,7.5263557,-5.77757,-1.4710816,-22.188557,-16.341637,-12.697856,-5.7355523,18.208067
82,9.042934,12.930359,10.033989,7.2016373,6.050833,-24.150478,-18.906824,-5.5069146,4.240289,-5.1825256
83,-5.724935,18.768377,0.6396849,-6.358628,12.145513,10.183965,-6.132955,-7.431669,-13.022835,-1.6189425
84,6.4326267,10.301302,5.4102445,-0.19540942,4.509948,-20.389078,13.105651,-14.188097,-5.869102,-5.9924974
85,0.42041066,9.745743,7.4345613,8.05089,1.5808185,-3.7108617,-13.931075,1.2330028,-0.6320569,2.5728228
86,-7.19082,16.478851,9.717247,6.066747,-3.3248057,0.50111717,-8.868998,9.444687,-6.878959,2.0463989
87,9.9141655,8.406884,4.006343,4.959085,-1.2229006,-19.175137,-19.424349,2.9172587,5.1409745,-4.1447096
88,-4.8735437,7.958994,12.3896475,8.140281,1.7775389,-21.487879,-11.991724,12.54062,10.162886,1.9740987
89,8.631667,11.011033,9.20588,0.7748127,7.140441,-22.36446,-13.740122,-14.443097,-8.583275,5.0730247
90,11.775199,4.717986,2.2218525,8.34042,3.848919,-22.573456,-21.599367,0.8844484,7.348179,-4.0207696
91,16.59333,7.7609816,10.034624,-6.921834,2.4814663,1.2706792,-6.704889,-12.021233,-7.0307927,-9.418866
92,4.3122563,6.692839,8.030972,6.9047475,3.9875145,-25.222933,-14.545676,10.461678,3.9546783,-0.23076054
93,3.2218235,-1.3125027,5.244744,9.17502,14.961379,-21.423725,-8.501605,-5.4402,-1.5225008,-7.451149
94,11.127237,9.422716,9.9680805,13.893915,-1.5002247,-20.835155,-13.501272,-13.6907625,-4.261973,-6.161866
95,8.37449,10.48893,4.4218974,1.9816234,3.6028914,-15.997339,-4.186671,-0.19577658,-4.175416,-7.7708635
96,7.2452574,9.265111,5.2335625,-6.434847,6.7932606,0.8769914,-6.29554,6.875517,-15.754966,-9.08507
97,-0.5568504,8.176804,5.79292,4.039153,4.579951,-5.688433,-5.5922427,-8.160254,-5.662869,-3.955792
98,4.944682,10.641602,3.3492923,-1.8655579,5.2535367,2.2097597,-9.386699,-8.982827,-1.5802826,-4.079437
99,12.0511465,9.543496,6.700279,1.0843878,5.6285667,-17.107735,-11.509152,-14.071304,0.48418063,-6.382207
100,10.363245,12.937005,9.45857,-3.743149,-3.1680284,-19.692772,-12.686683,14.065345,-10.190646,-3.341654
101,1.3570939,3.7502208,-0.24488364,5.901919,2.7272668,-3.1059382,-18.681307,8.323628,10.872569,-8.194629
102,3.9767234,12.287663,8.887667,6.8827024,-4.1783085,-18.60177,-7.427968,-6.9039583,2.273656,0.8964101
103,13.519968,-3.000114,13.092301,7.1429963,10.134804,-28.288036,-14.091398,-10.660264,3.8564787,-12.298696
104,12.7454815,10.894135,10.45006,-0.08939831,6.5780735,-28.878971,-10.848458,-11.166732,-11.1243105,4.377682
105,6.2213125,6.519477,5.760302,0.31708264,4.94438,-6.436629,-10.902578,-6.412068,1.8695934,-2.734445
106,10.906499,6.683896,8.776714,0.8205087,2.5077968,-22.917843,12.980921,-15.33649,-5.7437706,-11.59424
107,8.563992,3.9818318,13.010275,0.032925114,0.123237655,-33.862362,-11.62298,7.5509477,0.22083306,7.1148334
108,10.57164,5.4522157,15.285388,9.957161,3.8776097,-31.608389,-15.927578,-2.1092632,5.6881595,-9.95775
109,5.448488,8.214387,4.635602,-3.1540568,-5.8706403,0.40557435,-8.841634,-7.493727,3.1605399,7.8454585
110,14.90776,7.9511523,12.165281,1.5092025,-1.0981139,-21.14363,-8.709923,-7.0341005,2.9195366,-12.623963
111,8.558168,0.2792195,8.505885,1.8567431,-2.2393684,-18.146425,19.49198,-4.5727906,0.32672536,-7.6222906
112,6.296818,3.9653149,1.5414824,-4.1588984,-3.8645742,8.2117405,6.646735,-7.3817735,-6.1755624,-6.4558563
113,6.384602,16.316698,7.3873663,-4.7351804,3.078926,-12.501003,-8.443744,-7.938853,-12.856673,3.49412
114,11.828802,0.6583935,10.652378,5.4112515,0.39143777,-20.917679,0.99187374,-11.826523,1.3384341,-12.727172
115,9.952199,9.260699,6.2058234,1.7164679,7.4036093,-18.274305,-12.590348,-8.308411,2.0332074,-3.5786884
116,-0.42258343,1.1938258,6.220264,16.709082,6.946447,-27.55725,-13.447878,21.41397,5.0548997,-3.5998101
117,13.540939,5.7215486,7.9957356,2.1212425,3.7839863,-6.956359,-13.466243,-11.917329,3.8298178,-4.4855494
118,9.484154,0.5510043,4.4666724,4.847195,-1.6637216,-9.248025,8.033989,-7.3066764,-10.587037,-7.953091
119,-3.552082,9.746846,1.1591581,-0.9718222,7.6899,-13.110822,-8.431929,-2.6066551,-9.927086,17.934015
120,12.379303,11.969035,10.211035,-0.96153444,-0.12166308,-26.604338,-15.010041,-3.6284318,3.6728795,11.171225
121,5.314713,18.700775,11.346484,4.395727,-0.43244773,-23.74575,-13.300869,-5.8788548,7.9425945,5.268423
122,-7.906204,5.968035,-1.5320684,14.157354,28.241337,-19.375654,-16.134428,-4.419258,-3.213265,-3.7065136
123,-5.532623,16.949398,8.397739,-3.230357,-0.82650965,7.5169945,-6.8962526,-2.2286406,-12.939757,-3.0731
124,12.698452,13.44989,8.344915,3.779188,-2.7180362,-11.779512,-15.00542,-7.4597316,1.2892963,-11.162611
125,7.881267,9.174837,5.2295575,0.2457596,-0.95789945,-10.416567,-9.733244,-0.50549966,3.4610474,-3.5873814
126,13.486881,3.0986,12.366785,9.047625,-4.0659037,-22.894348,0.69701004,-9.490066,-5.144916,-12.787703
127,7.61145,9.398436,3.9114277,0.8217119,6.8972607,-17.26658,-15.9368925,-15.418875,0.049362622,8.1084385
128,10.05334,11.099337,5.1756487,-1.8240074,-2.8722963,3.041438,-7.865766,-17.820282,-2.815624,-1.4783449
129,16.740623,8.004902,14.39706,7.016026,-2.756715,-23.358389,-7.5563607,-12.932889,-6.2948003,-12.715187
130,11.129071,5.648998,13.732329,9.248779,4.3732862,-30.453728,-15.941421,-2.3755717,5.5156884,-9.84437
131,11.959626,0.9780543,10.683963,8.394328,2.0917423,-25.17229,-0.36028552,-12.236485,-8.239406,-5.044936
132,7.844106,7.1396317,11.670567,10.026146,6.5730743,-22.209934,-10.491787,-14.039117,-7.5278826,-8.270804
133,6.437979,5.364954,3.7040973,-2.1889853,-2.9232821,-1.5544304,1.4886727,-14.676294,-1.587642,3.292311
134,-6.181231,14.745441,4.269898,3.6558127,6.6780376,-7.4436502,-7.37497,3.1024806,-8.354924,-1.9461875
135,-6.3275332,12.5603485,3.0510707,-8.218309,11.184126,3.945733,17.630503,-5.2196264,-17.277807,-5.29865
136,0.91968167,6.6803274,18.582113,11.368701,-4.4076366,-15.9054365,-9.753766,0.032531902,-3.6532178,-6.6835737
137,6.3632035,12.0370245,1.5627449,0.9565438,9.616247,-23.309679,-23.953424,-18.21182,7.5993557,11.420796
138,12.175031,9.17463,6.9634123,-0.733823,-1.5820539,-25.302813,-18.662802,11.252804,8.510954,-5.039802
139,8.822017,0.6369498,8.407958,6.020212,-1.3625884,-11.8089285,-6.1110644,-2.1504366,2.4791062,-5.8902106
140,11.896291,8.156279,7.3936315,3.2570488,-1.0190697,-20.803171,-8.441531,-8.37025,-10.652766,3.9608355
141,9.725551,1.6097693,8.511862,1.82093,6.316478,-19.163157,-7.2735124,0.16114205,-2.009167,-12.11035
142,6.50825,6.600946,5.14944,-0.6660104,14.503734,-21.485472,-10.827325,-7.305266,2.7317054,-3.8308306
143,-2.6155365,1.6054919,2.7587495,11.099649,3.859644,-8.410599,-3.0884871,-9.738936,18.613487,-8.750245
144,14.672677,0.07500185,7.401707,5.1310244,1.616612,-14.616251,-15.453831,-5.2682767,0.37808865,-6.7396817
145,8.152578,14.05265,8.475992,1.5552447,1.8182575,-25.175217,-6.9760566,-9.654713,-2.0816686,3.6668077
146,14.04864,7.0585513,9.429402,-5.8853354,3.6434374,-4.4570994,-6.758515,-14.737445,-8.101441,-10.25835
147,6.534016,3.9925826,6.0763383,8.515686,15.7619505,-21.547522,-16.962849,-8.109879,-3.6137245,-7.5772696
148,7.8287473,12.343341,4.136303,3.374052,8.056197,-21.463703,-3.0599527,-10.090102,-7.337716,-4.4564514
149,7.281123,2.480181,17.414164,11.246534,-5.614963,-23.20115,-10.5910845,-7.806916,14.905711,-11.371712
150,15.24508,-2.421036,10.942988,4.9778533,8.949377,-25.816326,-13.017385,-9.527063,3.241744,-11.6658
151,9.494029,1.928306,5.7261596,2.9903128,4.0805235,-6.6674824,-13.672792,-4.118326,0.59007967,-5.2992134
152,7.8394504,12.208378,3.647128,-2.0779226,9.6686735,-21.996696,-24.793255,-16.315104,2.3001068,10.534014
153,6.252512,7.742799,17.30864,8.318887,-4.7626452,-30.91286,-13.414425,-5.998974,4.5086155,-0.9805229
154,-11.08961,13.110868,4.4737854,6.231963,13.94542,-18.87395,-7.5979095,7.731127,-10.365246,-0.37235355
155,-2.1719656,9.8119135,4.010828,2.1717355,8.930654,-17.262642,-13.380334,25.318657,-4.4438605,-5.4832554
156,7.6586037,14.926948,5.8998976,-4.692334,-1.6837072,5.738139,-4.6701612,-6.4841022,-14.488105,-7.165977
157,5.403139,10.979031,2.8017821,-4.2950854,5.8449974,7.410291,-10.463424,-9.5799465,-3.993647,-3.8473566
158,-1.4995971,11.287555,8.78229,0.58623326,9.682921,-22.772049,-4.7272015,-6.017609,-4.644183,2.2777524
159,9.944957,6.4732094,5.6403623,2.7574112,1.1617795,-12.473804,-8.5962305,-9.577497,0.9213052,-4.8603334
160,5.274488,8.329373,4.2672334,-0.31427526,12.716963,-17.469852,6.986063,-12.27016,-9.654673,-10.893858
161,6.2123404,3.9045596,3.4874516,-2.7853296,-3.0989025,-2.0192308,2.5093844,-12.512854,-0.70061386,2.1572106
162,-0.20573962,18.700645,3.1772487,-4.1973667,-1.268892,37.182518,-17.86993,-10.427136,-15.734923,-3.1267612
163,7.1690407,11.819452,7.3329754,3.9580927,4.5483875,-17.575323,-16.737518,-6.000432,5.3754973,-4.18575
164,-2.970136,13.10221,10.682534,3.9181983,11.816189,-22.320972,-5.3116026,-2.0695128,-7.7790422,-8.120564
165,7.7633796,-2.3369455,5.285302,11.499277,15.824694,-26.57,-19.925245,-5.1929307,6.526292,-4.2190714
166,-7.0048566,12.64546,6.7346344,-0.05975033,14.357485,-2.5101943,-16.205818,1.1633853,-9.099615,-4.092666
167,8.458161,5.5950212,7.618078,12.057851,0.56028885,-18.173443,-6.0574393,-4.9818287,-5.009802,-4.9247
168,6.140098,7.7530217,1.315768,1.5239292,2.3626337,-14.52419,-11.169448,-10.05783,-2.0830503,13.772245
169,1.178569,19.009222,16.27817,1.4274077,14.963514,-29.133646,-6.9892735,4.5765433,-7.110719,-8.35363
170,6.3371234,7.697561,0.82632375,2.8208857,3.4069705,-0.98529536,-14.218833,-10.485732,2.8347251,-4.150246
171,12.565657,13.353224,6.8088913,1.9090598,-0.14547443,-19.124598,-13.109587,-4.9127216,4.7423744,-6.283554
172,7.4928536,6.4229026,19.1995,10.855495,-4.767285,-28.241428,-11.186782,-11.031952,8.232144,-9.805459
173,7.1868324,10.863527,2.6491578,-0.78014576,4.7305984,2.6162255,-13.766404,-13.763135,-0.84695673,-4.0436983
174,7.776677,3.6176257,6.1557813,1.0137906,-3.162601,-12.118687,14.022887,-7.1378226,-0.35531813,-6.3076854
175,9.486931,-1.107356,11.025934,12.095227,10.904117,-26.28549,-14.920823,-12.115144,-2.067829,-7.6832356
176,1.193706,6.368628,3.448501,2.1569364,1.9355819,-9.628056,-13.646198,8.2379465,4.4705977,-2.6363115
177,-6.130563,22.64585,6.20089,-1.0751121,7.3357162,-13.25954,-16.462572,-5.349253,-7.311628,8.3298645
178,-0.54516435,16.062784,0.46441856,-0.64673483,9.5534115,-23.708147,-26.505419,17.360498,-1.2381343,8.808637
179,-7.249178,16.296791,12.948001,-3.655937,0.31608763,7.183698,-6.0834966,-5.211836,-11.83795,-1.4030832
180,9.382944,1.80755,6.284696,6.4706035,0.95872664,-14.414708,-10.762267,-6.7221675,-2.8888893,-3.3583982
181,-3.2624032,7.787837,6.662108,1.7940526,11.5630665,-16.95791,-5.0051203,9.091698,-6.968187,-4.950015
182,8.561768,12.85379,9.567567,3.4743185,7.2595267,-25.98796,-18.869057,-6.8971205,0.26373214,6.6574984
183,6.677174,5.17491,4.466955,6.6153398,0.29405805,-24.158138,-16.734545,9.516226,3.5796638,9.264451
184,4.743013,10.454819,3.3955386,-0.4650007,4.7063994,1.7415757,-10.281081,-4.6953683,-1.2477181,-9.623255
185,12.460379,6.3573217,8.458609,6.3672967,-3.005436,-20.294611,11.965569,-13.91749,-8.104197,-11.830902
186,-4.317602,22.02356,-1.2463152,-4.523719,3.312169,12.668149,-15.436661,-6.282307,-8.07486,4.9524393
187,7.218958,13.076245,-3.7538347,1.5000803,-1.4354845,3.8290095,-7.7742467,-6.7860866,-0.8661609,-6.8249173
188,5.3792014,4.9979553,4.3134,6.4917283,-0.019861128,-25.708187,-12.75803,9.628547,-4.282048,8.895814
189,-5.481461,15.422019,-1.4764264,-4.09147,1.1302251,7.169653,-13.03533,-6.3067074,-11.058331,17.891546
190,-6.384685,12.577506,10.784494,5.5247774,5.6573906,-13.905982,-9.638743,11.041192,-7.595894,-4.8489995
191,-7.7028623,21.762564,4.2599316,-6.2053037,5.252943,12.3589945,-5.8410554,-6.157426,-14.034505,-3.5730135
192,-5.3022118,13.050011,11.201564,0.9913286,9.8531275,-17.103315,0.55165,-2.7876837,-8.984287,-7.9717283
193,6.690083,11.197925,4.271034,4.1036663,12.93729,-22.465563,-17.618753,5.033375,-8.766952,-4.683207
194,13.2739525,14.042017,11.292549,-4.3753033,1.2972966,-24.092148,-12.281903,-11.80931,-11.349138,5.283121
195,7.874634,10.968366,7.634572,3.2859948,8.072871,-22.88512,-16.978016,-21.116768,-8.297562,9.416094
196,10.116238,4.7694616,7.941171,12.686415,-3.7526665,-16.581005,-6.890423,-9.619198,-1.6247922,-5.934951
197,-5.385765,7.413512,1.4424983,5.0147457,9.166157,-10.561035,-7.3940344,10.248023,-6.3508377,-1.7701887
198,9.002669,-3.9357731,8.614525,17.143068,2.6403422,-23.44477,-6.3147497,-6.639474,8.39915,-8.600958
199,10.212385,9.501495,4.459548,-2.969498,5.0650544,-23.144455,-16.831562,-9.398582,5.3044977,9.270061
200,5.7480235,16.69638,0.7067245,1.3214515,-3.4111743,7.4990673,-2.36905,-1.5876694,-9.290821,-9.484566
201,10.624466,5.2215266,5.438482,10.662524,18.513336,-25.573763,-18.323929,-8.82735,-5.294637,-10.114446
202,8.394678,-1.5992291,6.3300705,8.618017,16.076527,-26.599735,-13.1928215,-5.5576506,-1.3929633,-10.448876
203,22.451706,11.939497,17.012566,9.435504,-4.7747636,-38.117428,-10.645295,-6.3246274,-4.213102,-5.0901175
204,9.042761,-0.1588403,12.4196,5.5367556,0.07616526,-24.198519,4.869637,-9.069243,2.5379448,-10.061596
205,-2.7332196,10.082541,13.347082,9.180314,3.0401402,-22.296553,-11.569033,4.0943103,6.73084,-0.6378757
206,-3.447263,11.520498,5.1002383,10.930827,7.5452356,-24.79023,-20.95475,-12.48084,-0.5400195,11.558152
207,-6.9608583,12.015989,5.7721786,4.6338162,6.115128,-6.2599854,-8.811319,-3.324784,-9.187691,1.5840569
208,-6.841189,28.36158,11.730161,-3.7348964,12.501142,-22.176666,-22.196709,2.9254313,-11.351891,3.7295995
209,4.3355026,0.11178886,11.512668,5.6919923,-3.9621944,25.758778,-10.178427,-7.3384037,-11.869666,-12.655341
210,0.8549676,1.5459868,2.7472198,11.076613,3.0402133,-2.6658664,-16.75339,-10.898082,18.99257,-9.435045
211,5.913078,6.6529994,1.9850659,3.9869597,1.5724957,-24.616104,-12.393044,9.622508,-5.773358,9.366249
212,-0.19226792,5.2149134,-0.9919255,2.1482503,4.190028,-0.8812562,10.788498,-8.118433,-2.0750585,-6.148556
213,10.828356,12.752684,9.088265,8.832006,-1.2256176,-18.692068,-20.452219,-12.264316,-5.633469,-1.1970316
214,11.085606,-3.9691644,5.743223,12.199461,8.027581,-21.549923,-8.891573,-5.3695984,7.266313,-9.2069235
215,14.8311,6.4272714,13.294003,2.814218,2.9437099,-23.932749,-2.4662447,-12.17012,-7.0268745,-13.9883585
216,-7.0963783,14.848514,7.389143,-0.6185199,16.972458,-20.893272,-12.216892,9.428102,-8.966653,-3.1983309
217,-2.0005703,4.9198356,20.06036,8.67009,3.4256403,-27.9304,11.651567,-1.6990491,-4.357643,-9.931919
218,9.918583,1.4699507,7.339999,7.549408,-1.9201652,-18.738617,16.733717,-5.1837797,-6.4998574,-8.206274
219,-2.899523,5.47766,2.6544337,9.173023,18.88927,-16.160112,-10.744504,-2.9768784,-9.531268,-7.015199
220,10.347512,6.826132,6.344005,3.416048,0.35063794,-14.579729,-4.3810024,-5.9517174,1.3743756,-1.0954196
221,6.540199,11.325419,4.7523537,-0.52788794,-7.504573,-11.994423,25.268406,-9.6985235,-5.619234,-2.6193953
222,6.316104,11.862598,3.4195204,0.05269128,0.34212342,3.2209141,-10.43593,-2.1756256,-1.0897441,-0.6027805
223,-0.22007257,12.545492,3.0907176,3.2013605,13.72321,-13.981998,-9.568607,-3.916232,-1.9989053,-0.67402446
224,8.148454,7.0107474,14.547492,5.3599043,-4.7806926,-21.769913,3.9331558,-8.707947,-1.5535028,-9.9673195
225,4.1471605,7.337237,3.997376,5.2977104,2.2650073,-22.632193,-17.457464,11.633825,4.02169,10.242059
226,12.401427,8.534998,7.453218,-0.868382,3.0224962,-23.988113,-21.968004,9.848688,0.92594415,-2.2181873
227,4.2370205,7.5958796,3.284732,7.2393813,-6.77873,-0.8477104,6.32701,-9.436356,-9.529146,-4.597165
228,8.091977,4.4131255,3.3833673,1.8439256,14.479784,-17.466883,-14.675178,-5.547793,1.2285877,-6.472578
229,19.378754,2.4139524,11.623086,16.17649,1.5311141,-31.801119,-16.896955,-14.56472,1.9874291,-10.449438
230,8.78907,6.070354,3.9726026,3.4875872,2.7768388,-23.190926,-17.063284,9.730533,5.468529,-3.8115275
231,4.3635483,6.5625587,3.422087,-3.6962295,-6.8517923,-0.7625687,2.4039178,-11.392243,0.31983492,6.131981
232,8.378148,5.1342983,5.0211525,8.443495,15.164906,-19.948837,-14.162585,-6.839692,-5.420785,-9.068928
233,4.0575385,10.025675,-1.189082,-2.712375,-1.2646341,1.1604133,-12.45088,-11.286982,2.59024,8.01336
234,1.6792346,13.858126,6.9798093,3.0599627,1.6991976,-21.907885,-15.844471,-1.6771338,4.1972094,13.844783
235,-0.2563548,6.003045,7.0464125,11.846947,13.183132,-19.671915,-13.6359625,-3.7998588,5.8485627,-4.1308312
236,1.3889612,6.655529,5.816796,7.4833617,1.2130384,-28.003231,-13.037947,10.748687,-4.7787776,10.229067
237,-7.705136,12.270597,9.375378,7.331791,-2.8188484,3.5569093,-8.444824,1.0434217,-6.3712177,-4.682445
238,10.534885,11.182633,4.514602,0.478505,-5.2066736,2.6800394,-7.0602326,-3.8123822,-0.18598133,-10.601693
239,-3.3729632,3.4063795,7.129323,4.2764335,24.539957,-19.273033,-11.979617,-2.178872,-8.631839,-6.442559
240,3.9114566,11.99996,-4.604649,-1.1517471,-4.657167,3.645109,9.168605,2.1369534,-0.5953042,-5.5967965
241,7.9647474,4.470357,9.564367,8.292819,3.848728,-24.46813,-12.082772,-9.055559,6.864619,-5.654438
242,0.02835755,18.720701,10.360361,-0.2588425,11.748816,-19.682556,-13.352385,10.117148,-8.567218,-4.9389806
243,4.3723383,13.907633,-1.4036138,-4.7629213,8.638697,-11.554274,-20.873371,15.977053,-9.586716,1.309682
244,-6.0565805,11.739342,1.1476903,1.813441,25.083735,-16.906729,-6.815008,4.6472836,-7.0840144,-8.03169
245,7.7852006,16.121965,0.9828724,-2.9228547,5.6597085,-13.354962,-16.20978,-1.5643241,-6.947376,-0.5779797
246,6.1040225,7.4699025,3.0401762,-4.8274746,-4.9121423,28.848005,-9.552464,-3.6924717,-12.138826,-6.3630457
247,-7.923145,9.090461,1.3323035,3.908118,9.226436,-16.017254,-7.1157985,13.806627,-10.59009,5.9288764
248,5.717153,4.5027895,0.030620217,1.4898325,4.4504147,-17.357979,5.031904,-7.1614175,1.646551,-4.770626
249,2.2474952,17.503733,20.02987,1.6060474,-0.05704868,-20.096447,-5.935698,0.24378556,-10.142542,-9.904652
250,5.881559,-4.1103044,9.413795,24.839188,5.6675644,-30.414137,5.2944098,-10.370547,-0.7418646,-10.713006
251,5.6434364,10.594444,2.5441327,1.342011,8.046965,-20.718443,-18.732067,-18.08455,6.676316,9.8060665
252,9.768774,11.460685,8.878845,7.4785533,-2.2964263,-17.733305,-5.5285063,-13.188702,-9.809636,-5.372736
253,-2.161735,8.158946,19.335833,7.637334,8.406014,-29.537437,-5.774062,-2.647865,-5.9553924,-7.0699058
254,7.13605,3.5336204,4.7232366,8.936395,0.32875085,-12.015255,-10.538135,-2.7389085,7.5316257,-5.277234
255,1.8424052,24.082878,14.848171,2.4808717,-0.07191259,-21.710299,-16.759144,-4.706912,3.8760045,8.209672
256,19.298603,7.311264,12.927551,4.1921544,4.4423256,-15.750644,-12.747646,-21.51507,-7.233312,-13.57126
257,9.819232,-0.15257344,3.6803079,2.2610927,1.8898393,-21.428019,-11.604419,14.94634,-7.0137954,5.269671
258,8.050511,2.1193595,5.0684915,2.1213732,14.978613,-20.26039,-15.2782755,-3.5419858,4.8205748,-8.776029
259,-3.7040012,13.357878,5.736851,1.6502575,10.9235115,-19.745604,-18.302021,-9.239159,-6.2690196,12.680984
260,12.042927,5.2706294,7.1255836,3.5061507,-2.5313141,-13.498298,-2.754809,-6.879561,1.6460128,-5.189747
261,7.5440464,9.314755,4.1889176,-0.51643145,4.747362,-11.099492,-16.563448,-8.085059,2.3376892,1.053255
262,14.704307,7.6748853,19.437572,12.701645,-7.9220953,-36.000706,-15.797417,-7.97829,0.73940426,-5.3488007
263,5.460619,17.15158,9.564804,1.3797437,-0.97238386,-17.999294,-13.41861,-1.5470092,5.644162,6.3074303
264,13.303447,2.5317473,5.781177,11.358707,2.4454756,-21.280716,-4.6798143,-8.063019,-4.0404015,-7.069188
265,4.12616,10.569941,1.7829907,5.342189,8.4043865,-22.431767,-17.474594,-18.27188,0.41925246,11.035134
266,-7.935351,19.620773,13.294411,0.42694598,14.286299,-18.31253,-1.7594455,7.5717974,-13.721023,-9.554674
267,10.565862,15.49192,7.34448,4.3406816,0.46174237,-18.600847,-17.841145,7.192176,3.2085667,-7.0805745
268,-8.537883,17.532373,5.6289005,3.5577455,7.473799,-8.709174,-10.554937,11.245981,-8.304037,-3.730193
269,7.6229696,-0.7917658,3.8458865,0.77946293,-3.6436152,-13.866042,11.150784,4.098487,-2.6716888,-2.8812084
270,8.8062315,9.735192,2.5213795,-6.7773423,10.11887,-19.544106,-7.659117,14.418036,-12.149546,-3.191952
271,-4.504409,12.042042,11.436365,0.012915254,12.770014,-18.81701,-5.0515227,-5.158965,-7.3384085,-4.908987
272,11.243295,10.551066,6.769781,6.119675,-1.5762899,-9.45735,-15.36773,-7.01093,2.0336287,-11.550002
273,9.308028,9.791466,9.093491,2.6244287,0.7528626,-22.368748,-8.166802,-8.627931,5.2927346,-3.0506058
274,7.835469,12.345843,9.593198,5.695889,5.9660006,-22.664911,-18.605268,-3.9996629,7.326837,-4.3668437
275,12.983994,5.3148518,9.403832,1.9774133,4.974124,-20.32913,-16.306221,-11.9843235,2.584309,-4.672939
276,8.484526,1.8410453,4.045236,2.3836148,4.9773836,-12.162161,-12.622572,-5.360845,3.8400226,-4.496627
277,14.583935,15.653824,7.421564,-2.2584283,1.1043767,-20.556324,-8.645214,-3.4437897,-5.0237455,-9.313204
278,4.9760957,11.280371,3.4725442,0.68658495,8.913864,-21.475704,-21.731308,-18.477987,7.567423,10.635197
279,14.624158,6.1466603,10.439422,1.9439946,1.7647814,-19.699316,-9.128409,-14.661634,-4.8939962,-4.7266865
280,14.0117445,3.3542993,9.1060295,-1.3267357,0.7491244,-25.66745,7.856321,-10.681138,-1.3575951,-4.7648454
281,-4.411847,2.419703,10.943712,17.641233,11.541657,-25.746138,-11.813422,-5.365103,-1.1537745,-5.7392235
282,-9.2499695,10.281083,7.8603683,4.394403,7.7223105,2.1064806,-2.0252974,6.482766,-10.814632,-2.527835
283,3.9076736,1.9285706,0.31989303,2.6848738,3.98459,-15.342781,-14.330539,17.6368,-10.851753,14.181801
284,11.629968,5.6105657,10.824078,6.718324,6.3444295,-27.589731,-14.167144,0.09721294,5.33464,-7.6226645
285,-6.28933,5.807335,-3.1754537,7.8019958,4.153555,2.4602952,-14.120554,9.357271,11.919096,-10.338588
286,11.259899,-1.2682538,15.248495,30.173298,1.3261719,-32.223446,-12.649542,-17.533243,1.6301687,-12.145831
287,-5.3242707,20.986996,3.9301414,-6.2588105,4.8292346,11.617599,-1.5241137,-10.030478,-14.570242,-4.8971395
288,8.32904,7.269291,4.3783455,1.6787732,1.9527633,0.65283376,-8.726619,-11.457794,-1.556587,-6.850668
289,17.053394,8.743875,11.836548,4.5659714,-3.926991,-25.641724,-10.89729,-11.168002,-1.3975519,-6.960055
290,9.159791,17.502909,7.0080624,1.1160872,-3.754484,-14.3360615,-20.167614,-6.7388735,1.3980778,0.9337791
291,9.784497,10.703435,4.204584,-0.14069073,-4.289533,2.7096763,-19.78892,-0.9382937,-2.0374157,-4.2473874
292,-5.2062774,21.092726,4.653854,-6.3202243,4.6526,11.834533,-4.4255376,-10.473393,-14.011612,-3.430914
293,5.8013825,11.449303,1.9807768,0.116818264,9.086304,-20.649931,-24.204891,-17.46239,7.352503,10.829882
294,-7.5051007,10.740381,7.6581697,1.3137407,6.514571,-19.129803,-19.287971,4.9685483,1.4647751,12.04425
295,-7.2259073,15.069316,7.320366,-1.0279679,10.123609,-4.7785068,-3.369116,-6.7414284,-10.131746,-3.843914
296,8.333717,1.6418934,4.050294,1.5314213,13.26703,-21.976503,-14.584128,-5.1099424,4.6500244,-4.8806224
297,3.372875,10.129717,2.079146,-3.3001475,4.4484506,1.7207218,-8.635723,-9.690342,-2.3630877,-4.02774
298,10.788527,9.79073,9.901928,1.751404,0.112448454,-16.275085,-9.739398,-0.061261475,0.019589067,-11.097946
299,15.582513,-2.176075,11.189273,5.709445,9.106822,-26.696241,-13.366575,-10.433163,3.2516928,-12.003108
300,9.318731,10.809113,5.1631374,-2.3129733,-2.30405,2.3583212,-8.541794,-13.407132,-3.1588697,-1.2606248
301,8.937542,3.6677678,9.546052,11.47742,17.451807,-29.340746,-16.532492,-6.31843,-0.8043202,-9.931197
302,-8.204245,17.613024,3.807669,-0.018781409,17.147213,-9.929972,-4.0517,-6.7592406,-10.759314,-2.392004
303,-1.0758526,3.4841907,6.708461,7.471182,7.496154,-12.904822,-4.0342846,-2.7116437,2.310255,-10.73119
304,6.120234,8.947424,0.6034171,-7.5745564,6.8620877,-0.25524062,-7.3198066,6.974586,-14.426751,-2.637975
305,9.645704,17.809975,5.458272,2.461172,3.8433006,-14.374096,-18.921854,-9.492692,3.709129,3.0625582
306,7.865385,1.7526777,5.4175158,5.430286,7.5000753,-22.17539,-6.207103,-4.0182133,4.514023,-6.276859
307,-2.5718017,8.797245,8.977256,8.149377,1.0592756,-3.314389,-6.60279,-9.27203,-6.8167415,-1.9342945
308,8.596085,2.3453856,8.9579525,6.303943,3.3568985,-18.64617,-7.88539,-4.598552,4.585314,-6.6739492
309,-3.421,20.368263,-0.48660243,-6.2175517,6.7356496,11.847135,0.85806584,-8.126666,-17.041986,3.2567277
310,1.6565734,15.776737,12.483919,9.133743,9.723695,-21.914463,-13.5822315,-8.137585,-7.025131,-7.2260337
311,7.8517184,8.940134,4.42793,3.2265127,-2.8188453,0.35218483,-7.457949,-15.828898,-0.901452,-2.281832
312,5.7149806,0.85547453,4.3926773,7.0888987,-0.17604539,-23.94505,-10.740282,10.766842,-4.0380936,8.409985
313,9.129475,-1.009511,2.6569228,8.52233,7.0229926,-13.709512,-15.139802,-8.1101675,7.765386,-6.2061954
314,9.479848,7.62946,5.348961,3.3490944,4.264481,-25.520275,-15.3870535,12.55381,-3.7666714,3.8159378
315,7.5753193,11.25122,2.953612,-0.6963426,-4.120056,2.9169466,-18.855616,-1.052257,-0.48004928,-4.1384645
316,9.011205,2.1731694,3.4770727,2.1905696,10.09849,-11.872938,-12.833288,-11.004335,0.7095981,-3.252715
317,13.23474,6.3243165,11.00189,2.3754349,0.9619648,-20.411804,-12.319545,-11.435149,1.0195533,-6.2338896
318,13.109417,3.9122903,9.939081,-5.4064374,-0.32826525,-21.585691,-8.708549,-8.910791,2.5291393,6.7441764
319,-2.9278445,11.705305,8.817958,3.1245992,1.8341498,-14.842181,-4.9995527,-3.8359978,-1.7159907,-0.49458498
320,11.264056,4.486613,7.0480456,4.9472175,16.102964,-24.335999,-18.48643,-5.9853625,5.2834992,-7.8857975
321,8.646028,8.218962,9.84097,5.5788784,3.2978752,-20.901577,-16.935228,-11.447912,1.8732675,-4.255257
322,10.519563,3.789535,6.7428827,4.7158036,-2.3808255,-12.744188,-4.5390863,-6.717641,1.1242824,-6.75613
323,8.584148,-1.2353903,4.5339737,1.8073158,-4.993433,-16.110266,12.086964,4.034797,-1.3861344,-2.7692087
324,27.390713,1.8021348,17.660788,-1.4071372,-0.5406734,-25.438744,-9.614013,-16.215893,-4.006404,-12.327931
325,12.012763,6.1825085,6.4687376,1.6055269,6.655098,-16.87495,-12.494714,-7.774097,3.2631805,-4.8486657
326,5.6416616,10.537359,2.347818,-0.39615253,8.157763,-20.482615,-24.61889,-13.352955,7.24304,10.052037
327,14.318125,-2.042047,12.076763,4.1925693,4.4820013,-26.861872,-7.2665644,-5.900978,6.972176,-6.5381403
328,3.4571607,2.9859664,9.330206,9.327485,9.572474,-17.652788,-15.655144,-9.053562,0.012481898,-6.752152
329,12.953187,5.773571,7.5913477,10.95625,0.037963636,-22.64848,-16.357899,-11.43322,5.696283,-5.8906865
330,19.217518,12.107111,14.321082,-2.9454618,-2.1780753,-24.46489,-9.156191,-7.8582897,0.07597506,-12.178942
331,1.7834196,1.3282332,31.09434,24.154076,-1.1453207,-46.94775,-1.0695795,2.3533373,3.2122898,-12.528604
332,13.558552,10.14045,11.003043,5.500631,-1.978362,-18.39639,-14.065121,-13.0859165,2.745254,-8.110712
333,9.584836,-2.956542,7.537745,8.007142,0.9526173,-21.14293,-8.487113,14.411609,-3.38106,-0.1314502
334,-0.29618105,15.049483,7.0653834,-1.0109481,12.706097,-23.958672,-21.520433,-16.279957,-2.3934832,14.241874
335,3.239732,8.619409,5.8374553,-0.0069525093,1.1962698,-6.154928,-5.6302834,-7.5388184,-4.9779396,-2.9579756
336,-0.4550367,8.23477,1.8073293,1.942377,4.0421596,0.55268663,-5.135202,1.4176664,-3.5807188,-6.057223
337,2.8640528,6.4957285,2.9408278,1.9092919,2.051257,-17.704576,-17.615952,8.707555,6.0546145,2.5093856
338,-5.740602,18.509832,-0.37638846,-1.0030154,17.385267,-7.0379577,-10.537327,5.4207196,-10.703346,-3.3209128
339,11.78984,5.584744,5.803765,-1.3653853,1.2273183,-13.126919,-6.1060967,-0.5198839,-4.1182714,-8.130789
340,5.8723507,10.163578,2.2114854,2.1320684,4.376305,-22.777704,-24.905935,11.216165,2.317865,3.000295
341,8.177002,7.654996,9.246407,0.36135513,1.5057762,-4.763708,-11.796917,5.4506645,-2.406086,-5.2058687
342,-1.8121583,21.490332,10.731471,2.2007139,7.2491117,-23.767326,-21.871214,13.477874,-9.434731,1.8201408
343,9.00089,9.85761,5.875207,-0.56619614,7.123571,-17.816126,-16.114311,-19.365606,-1.8642852,7.95688
344,9.764235,3.1244085,4.857374,2.3556943,4.374428,-11.553005,-10.33482,-3.7725635,1.4118567,-7.871577
345,-6.863404,16.484968,4.478515,11.669503,11.885322,-21.069693,-13.231475,-0.08688633,-11.743641,0.48111176
346,8.471687,12.535138,4.7293825,-2.4534686,-1.195909,3.8143249,-12.088377,-10.350821,-2.440456,-3.4868512
347,9.677694,3.424334,6.2272787,3.2112048,8.591457,-15.888807,-16.486492,-9.066121,2.3623857,-3.9376037
348,6.797059,4.4788103,2.8813725,-2.8909066,0.45349604,-1.2952826,7.3647504,-3.2822716,-6.4141703,-9.018517
349,4.2539515,10.753357,4.866007,-0.5436379,-3.4411147,7.0689034,-13.004485,-1.5564094,0.04937724,-5.4159603
350,-10.4740715,17.6461,-0.20592155,-5.956363,17.058805,8.547404,-1.1464304,-6.097183,-15.347833,-1.8819345
351,11.439331,1.5230668,9.8469515,1.2343887,-1.6538098,-24.88223,9.736327,-2.1589336,-5.2625437,-10.512867
352,9.603421,2.267881,5.022012,-0.9459663,-1.0373704,-20.745808,5.239448,3.477769,1.4120128,-7.0360084
353,7.332234,10.231953,5.4421678,-2.2581596,5.0288086,9.119295,-11.300768,-15.71479,-6.463412,-6.231309
354,4.582988,2.9528053,-6.5445786,3.2254353,-0.3948762,-2.0603132,11.199814,-1.8752714,-0.94366443,-3.6214526
355,6.16582,5.031064,0.9882558,-0.28748214,8.224111,-14.144612,0.70980763,-5.4616394,-3.0361774,-4.826806
356,11.762801,1.730481,7.3964486,-3.4702377,2.2284276,-16.742477,6.195053,-3.4860332,-8.685567,-8.800578
357,-5.1870174,18.39706,5.516922,1.1950647,6.086227,-7.5152063,-11.533399,6.6189327,-8.300166,-2.067573
358,11.212394,5.182722,5.8677397,-0.53738314,2.1864085,-20.45114,7.6459055,-9.633504,-1.325763,-7.476535
359,8.85239,0.9827316,5.4579277,2.2483401,8.009963,-11.737366,-12.36535,-7.8202624,3.8835967,-6.9703183
360,13.70737,2.0855231,6.9141655,-2.8501496,-0.45972562,-15.75973,2.0981045,-3.0132186,-6.7797527,-5.702639
361,5.899167,0.45958996,8.54187,1.2229785,-3.4821234,-22.566273,8.890416,11.96618,3.9850419,-1.022951
362,-4.216534,16.261038,8.688229,-3.9293869,20.224566,-20.441193,-9.676527,-12.915855,-5.470639,1.9676474
363,11.185722,1.8188746,11.5845995,10.977104,4.139741,-28.439384,-5.3707137,0.43521127,-3.831637,-5.0005727
364,10.125237,-1.6278703,6.366283,6.4227767,16.662607,-24.687243,-18.002792,-3.495367,7.1598616,-9.263967
365,8.719903,10.149338,4.826466,-1.6642139,-2.146853,1.9158019,-9.932992,-8.825231,-0.3256336,-3.756837
366,13.296564,2.1869273,6.563998,-3.0565991,-0.5317413,-15.773439,-0.97296846,-1.4180185,-6.320879,-1.9505408
367,7.054848,6.6025653,4.8392234,0.37721246,2.200779,-0.52295136,7.0819416,-11.932347,-12.193324,-11.300624
368,10.0422735,7.376476,10.313555,8.011363,0.32780594,-11.616139,-6.534342,-11.8579855,-9.325658,-7.4829035
369,5.980375,10.171566,2.0583792,-0.28563324,7.830832,-19.517492,-20.280361,-15.36894,7.0296183,9.758474
370,-0.24885273,14.918119,6.5903754,-0.2283903,8.365493,-14.590367,-17.2469,0.7645337,-2.22703,-3.2581933
371,5.4377346,4.223744,-0.039297998,-2.5486536,7.4529014,-3.682361,3.2574155,-6.2166986,-3.1374674,-5.209261
372,2.7228107,6.2236266,0.55517036,-1.8338766,4.830369,-1.8529052,11.795711,-8.1927805,-5.120862,-8.756962
373,11.551404,4.6134634,9.01821,5.555461,-6.4402094,-29.13889,-12.346823,-2.173711,13.2264385,0.48547113
374,8.056075,2.1650994,8.4979,8.27504,10.980416,-20.027275,-14.178691,-9.019352,6.870136,-8.072659
375,1.6304033,12.906561,4.7543244,-1.6063092,10.454643,-15.50204,-8.12724,1.7919762,-12.524859,-0.82716805
376,-3.6173787,7.508191,2.7030866,2.942015,10.831976,-11.68211,-6.8679466,6.0109816,-3.4187708,-5.381123
377,6.635159,11.641399,3.9887512,4.9545727,8.861151,-18.656933,-11.580352,-6.313839,-8.997663,9.902034
378,9.656371,6.070775,-1.2559897,0.6953217,3.8512776,-15.248179,-18.030128,-2.075662,9.224762,2.833108
379,2.3389778,6.5577583,6.299144,-0.4050767,-5.168083,26.637083,-9.2521715,-2.7897913,-12.071228,-5.7331514
380,10.08617,6.9248047,7.334431,4.522245,-0.4830777,-17.918493,-14.593445,-11.218599,2.4778426,-1.297697
381,8.817012,3.5400934,3.4505105,2.3383417,10.583957,-18.897045,-8.260386,-9.284496,-1.1614487,-5.380664
382,2.8350859,0.52095246,20.009253,16.36297,-1.982986,-30.19117,-13.331646,-5.93312,4.793775,-6.686225
383,10.865897,4.441208,4.769286,2.4536674,4.711258,-1.0317161,-10.086616,-9.062096,-1.0670878,-8.091856
384,-1.8131397,15.179449,1.4897264,-7.205481,12.35424,6.0090876,-1.570453,-3.0524533,-18.054693,-6.0509114
385,6.025008,10.228364,3.7143703,-0.34884584,7.9166403,-17.912628,-16.862316,-15.9153385,1.013833,9.6475115
386,1.9780928,5.1549206,2.1814969,-6.597253,4.825313,-2.337413,2.8236578,-13.477478,-0.53387725,4.966427
387,9.621275,12.117173,5.224638,8.170947,-2.027319,-25.61859,-1.3263805,-10.667061,-5.347449,2.2386684
388,0.65237373,9.341619,21.011583,12.504853,-7.684443,-21.304577,-16.118803,-5.0553613,5.9166255,-5.057389
389,-5.561938,7.0959563,4.505485,1.9452298,7.5562825,-13.81193,-12.701085,1.1872717,10.672062,-1.8688344
390,2.4016154,4.781929,4.4749465,1.1550186,10.905492,-12.952958,-3.9564474,-0.6744548,-12.173116,-2.1859064
391,16.439497,-2.4035227,20.928967,9.031222,-0.8891606,-40.297592,-11.265044,-8.842476,9.581461,-10.516093
392,-8.204637,16.061022,6.985502,-2.0141568,9.730734,7.405716,-2.6341803,-0.60222644,-13.337028,-11.097539
393,-0.32997727,14.812486,16.578777,3.542661,4.1415067,-18.546364,1.6335528,-4.5513864,-9.080262,-11.71645
394,4.1116834,6.5598598,-0.30864173,0.32703927,0.6201,-5.947786,-11.377251,7.605194,-3.8184798,7.014505
395,9.859704,7.874221,7.707958,-0.8385384,1.2224467,-16.769781,-0.69546497,0.53672504,-5.6924467,-10.16478
396,-0.75448036,13.160851,19.925287,8.603831,-1.0008837,-30.211006,-15.117475,-5.776454,0.8944683,-1.1478627
397,12.672137,2.4547744,6.1090274,5.2307205,9.063269,-21.425903,-8.165361,-7.448776,1.8801266,-13.128791
398,-1.3468581,21.654757,4.413703,0.38534015,13.38569,-14.502022,-8.273315,-1.2489709,-7.814328,-7.6510324
399,16.623257,4.5883827,26.156626,1.6477294,-0.80886555,-30.689154,-2.9333396,-7.4790616,-2.0064766,-14.162809
400,11.013175,-0.21781522,5.1163735,0.06418562,13.694745,-19.820341,-13.350159,-6.105628,2.169116,-7.3277206
401,13.295564,2.3772695,12.030698,-1.5368235,5.2470474,-26.282188,11.172541,-10.902489,-2.6414194,-18.224709
402,10.217681,4.358675,19.19401,7.8559456,-5.6789436,-23.219833,-3.5113075,-5.2488713,-2.292509,-10.740858
403,-0.7443168,6.694609,9.971864,5.6945224,2.0124483,-28.2139,-12.871068,11.265871,-4.9413886,9.1452
404,-3.0011346,10.49367,9.432107,10.624629,16.038342,-22.454834,-12.567013,-5.624119,-8.566438,-5.863076
405,7.463851,10.823083,7.6396894,10.255516,7.1846232,-23.477163,-18.30179,-11.576937,0.9749939,-2.857147
406,11.00398,2.507467,7.952017,4.5454597,-1.0651364,-15.625689,-5.591199,-0.054746836,3.1449382,-5.876041
407,-7.145624,8.427717,8.386774,-2.0294728,11.077275,-21.297947,2.0507164,12.504938,-10.777002,2.0760207
408,8.425721,4.416303,1.3126783,-0.35399547,-0.38767716,-1.0584881,4.052958,-12.256241,-2.8439803,-7.968917
409,7.754875,12.42246,9.132642,6.904392,6.791548,-20.022005,-16.1464,-9.265624,-8.481804,-6.747384
410,4.1494718,5.010864,-1.1222556,-1.3334818,4.2033515,-13.576782,5.0949926,-4.6000543,3.2978668,-3.4485428
411,24.536901,1.7979591,17.199286,-1.1657583,5.1646347,-37.13818,-7.7157927,-12.903937,-1.3153269,-9.362649
412,7.7293887,4.292778,3.3744996,0.7685096,6.7467246,-5.7849994,-6.782559,-7.041269,-1.397612,-5.9774475
413,7.6391125,4.8249965,6.7726655,1.0942467,-2.4863677,-13.986643,3.6396909,-6.8917937,3.8548431,-7.4766
414,-1.0846956,14.669298,6.9190125,-0.0048255436,12.377523,-23.952389,-19.636238,-16.010878,-0.27592313,12.827105
415,14.855395,4.0500264,10.979788,3.3480504,4.47933,-21.077785,-10.98646,-14.140693,2.860982,-10.862019
416,-2.3917456,4.9990816,11.675723,5.524414,10.388292,-23.866224,-12.038033,-1.8260962,-3.0610595,-1.0045544
417,10.591189,19.244503,10.575685,0.99183226,-3.3647046,-20.838348,-20.991112,-8.951671,3.6463578,1.154567
418,12.7764225,2.7867677,9.714582,3.215818,-0.0504601,-24.158766,16.70159,-6.856169,-10.3848915,-10.542902
419,0.62902135,4.317431,-4.597503,5.666661,2.7999218,-2.6010637,-17.508932,9.499959,11.770817,-6.5745845
420,-5.2022824,15.694467,12.756062,10.085206,8.355076,-18.748964,-12.1929035,-5.596302,-9.37847,-5.088641
421,7.201114,10.737572,3.6227741,-1.2819201,-2.6239457,2.315866,-11.384532,-9.456134,-1.300412,-3.2990928
422,10.89161,7.4591293,7.902385,-0.108866334,4.1989465,-22.817944,11.19716,-13.476664,-9.42934,-13.000591
423,8.315776,9.754916,6.9720917,1.7366387,1.595348,-14.161839,-9.147143,0.69697917,4.6465535,-1.4999894
424,11.078993,4.400666,5.5803876,6.144151,0.7689579,-30.066895,-15.421357,8.341339,-4.2227936,8.92376
425,-4.077646,27.020554,4.2858295,-0.43405816,7.265961,-12.176785,-19.134478,19.037914,-8.2139635,-3.8445537
426,3.3727057,13.185887,12.5673065,7.341762,5.969972,-23.707859,-18.222658,-2.3440654,6.6279473,-3.7546773
427,4.765199,6.1305113,-1.2695274,1.5986261,8.926562,-12.712118,-7.727029,4.5908384,1.5523145,-5.7702975
428,12.107002,13.758735,7.9730577,0.8079356,-2.7050085,-11.4361105,-16.504107,-13.568353,0.18609878,-4.577664
429,-8.470435,10.683222,-6.3190007,-5.4741626,6.5820003,27.933388,-7.814238,6.571627,-19.674448,9.236206
430,-0.7927418,13.229506,11.100665,0.46806085,12.027982,-20.735432,-7.9437537,-4.1296597,-12.723334,-3.347371
431,8.046061,10.448737,19.753283,-2.3005435,2.8381934,-28.278393,-6.6413317,5.373671,4.198596,-5.129849
432,-1.3832043,10.673764,3.0964003,4.4482903,8.264857,-17.401297,-11.923287,-7.646448,1.0449203,10.096174
433,12.329713,3.2918005,8.302894,1.0165873,-3.7752056,-19.295425,15.543671,-9.4266205,2.1244287,-12.920953
434,-2.182846,7.6499534,6.2833433,1.4710674,13.456487,-8.310581,-8.49143,-3.743041,-3.1496215,-1.8793316
435,7.4548616,9.274616,6.2937837,0.46283165,-5.396483,1.0006632,-9.94772,-1.072471,-2.9983819,-5.1047115
436,14.061145,1.009046,7.811839,8.763708,2.6269841,-17.810043,-15.711789,-8.154545,-2.974838,-6.283281
437,17.273779,-2.8066115,10.700453,6.3659487,-1.3532579,-22.923162,-6.908539,-5.1847553,5.23803,-8.372818
438,-7.3954506,11.529234,9.758528,10.239254,7.603046,-14.504835,-1.3633516,6.61289,-9.29428,-9.438387
439,19.480577,1.1884313,14.138995,4.0993247,7.159034,-31.93587,-16.987673,-9.042804,6.891653,-14.287513
440,10.033912,13.118886,5.967639,-0.7737532,-1.8372818,4.6272407,-14.451062,-17.865965,-1.4208497,-1.0453686
441,13.733932,2.5793004,9.1398115,-1.0044719,-0.59901476,-22.207802,-15.363696,7.0722203,-1.1598685,0.13480046
442,-6.3650503,16.646877,11.909055,2.4624872,3.0808845,-11.573485,-9.127169,-5.2978554,-5.549477,2.5519245
443,10.731548,8.310211,11.575098,6.673481,3.3371592,-16.218258,-7.4023294,-12.061976,-9.09644,-10.386159
444,4.1279573,0.47370195,15.445562,5.1424193,8.875364,-25.052256,14.408773,-11.062693,-7.0075827,-18.033466
445,1.6585058,2.3272123,17.1358,14.761344,2.9577165,-30.271173,-14.263309,-0.9290323,-1.6582677,-6.650819
446,-6.1928215,10.745449,3.7445242,-0.5308674,13.965686,-6.1711454,-2.4114892,-4.829892,-7.0205035,-4.645891
447,-2.4018135,7.6220636,3.9341052,2.9897077,8.669107,-13.036796,-7.250916,7.3239107,-2.8912096,-5.3349476
448,15.8231125,3.4215121,15.395356,10.509055,2.0675058,-27.383541,-3.802332,-11.36881,-5.27024,-19.018497
449,-5.249192,13.445536,4.089916,0.703676,5.2292705,-5.508679,-9.07897,-6.3536716,-6.5023704,4.8034997
450,-1.5650023,6.3097053,7.0550437,6.047195,3.4023972,-21.947535,-12.874951,10.013866,0.49154192,-0.8568879
451,12.086049,8.553258,11.859528,8.879004,1.7493066,-25.278687,-2.733163,-14.702187,-8.34393,-9.897983
452,0.66202176,15.048159,5.1821685,-0.19791846,7.7877965,-13.233142,-17.485119,-0.24303406,-2.22299,-2.9236646
453,-3.2997851,15.336977,5.819875,1.4481466,14.445137,-18.913967,-14.450368,-11.761301,-4.6679997,3.965238
454,4.346126,3.6847615,6.8805885,6.1399374,-1.3737651,-21.891449,-15.419126,7.6953235,0.81925166,8.240089
455,2.118054,3.5321302,5.639877,3.718252,21.161703,-24.008034,-8.83303,-2.610561,-4.4244523,-10.943187
456,10.120057,3.8969183,5.4398623,10.082088,18.258928,-25.93658,-19.662199,-6.0390654,1.4312059,-8.196135
457,11.699995,12.80455,6.5776033,6.542567,-2.751872,-27.090565,2.633755,-14.135227,-6.411409,1.2887188
458,-0.6426003,6.29828,12.073003,24.8865,14.898668,-31.534666,-17.975557,-11.547954,-10.26543,-10.170385
459,-5.5395985,13.51096,11.080203,1.2672719,12.200811,-18.204472,-6.5863633,-6.7241354,-7.013718,-3.7136114
460,12.363769,7.995855,5.774776,4.2548056,6.962121,-19.506664,-14.707523,-8.759137,0.067258954,-7.9876795
461,9.548263,10.376262,3.5230954,-0.57597846,-4.729893,1.4609216,-15.8008585,-1.6149446,-1.508497,-3.9690683
462,-7.932172,13.78252,1.0398645,-0.99798936,23.479807,-12.919617,-11.107002,-3.1326208,-9.400162,0.5763296
463,7.854783,10.482926,10.063549,6.272355,-2.6099463,-18.640263,-10.393066,-11.108201,2.9470127,-1.9760256
464,4.1383758,5.9710674,0.10818236,-2.807079,1.6721933,-18.826511,-0.7244483,8.672238,6.4924693,0.21521199
465,7.0503597,12.778753,8.488335,10.449384,6.934413,-18.83528,-17.08858,-12.061445,-8.1516075,-8.786851
466,13.778919,-2.799294,13.270939,6.32568,9.756403,-28.202753,-13.639007,-10.242121,3.6939042,-12.279275
467,8.9068,6.4819136,19.822874,12.392901,-3.2896729,-33.514442,6.8168573,-9.747295,-6.1897373,-13.494963
468,8.954904,7.8445716,3.8620348,9.4255905,0.2158391,-13.978952,-11.566952,-11.763712,4.5727463,-2.065015
469,-3.289638,4.260445,9.272098,5.1447754,8.801124,-13.708207,-3.7584333,6.570877,-2.9768355,-9.904495
470,3.3897505,7.1775765,5.856572,1.1800132,0.45465362,1.8715842,-4.0108447,-7.806627,-8.545709,-3.4117393
471,9.67291,11.507853,10.982081,2.34564,3.6836317,-26.035597,-10.523594,2.3203976,0.495988,-1.4687171
472,0.45405576,9.766121,0.15974969,-2.6637626,11.472505,1.2759496,-16.756813,-2.338189,-0.4337461,-3.9567711
473,1.1729367,7.457461,3.4351451,-4.2777495,29.352377,-21.773281,-14.34901,-6.5009465,-3.0969014,-4.6865153
474,4.743418,8.244656,5.567485,-4.668594,21.304398,-24.525026,-5.7854686,-5.55639,-6.2783403,-8.552473
475,5.747968,11.12656,9.707715,7.4572144,6.2845736,-23.123276,-16.81017,-3.3276217,5.3732367,-4.0716963
476,-10.963712,15.81554,7.1370506,-1.640365,17.924715,-19.45755,-9.612786,10.352885,-9.433969,-0.57478815
477,4.1325774,5.9026904,4.744902,7.115851,1.9672275,-26.767363,-12.568329,10.809602,4.419654,9.251189
478,0.5883696,16.470482,5.922327,0.71077174,5.7650023,-11.452241,-1.9656134,8.726072,-14.815112,-7.0242767
479,8.843248,0.7354609,4.8654695,1.5005654,9.794103,-13.325552,-5.0859623,-1.7948878,3.613912,-6.057624
480,-6.357987,23.64536,2.710509,0.29924148,7.7914276,-12.281526,-19.68986,26.196095,-9.058294,-2.8661747
481,-6.592549,16.631166,14.858832,9.998157,6.9591045,-19.589386,-11.923238,-4.621499,-8.309575,-5.160929
482,6.699278,8.893315,1.5953879,2.966863,2.0959682,-17.216024,-16.943623,-0.52461904,5.2403054,1.932127
483,15.207799,-0.5882608,26.204294,15.914748,-1.9038768,-43.36668,-2.1400683,-11.604186,1.1780907,-17.922222
484,8.20605,2.6588256,8.294924,11.5116,-3.2798238,-23.592463,-11.780099,-1.0615598,15.421011,-3.2584567
485,7.9651704,11.655602,9.178078,4.0544405,4.9927363,-20.842249,-16.210127,-3.6750066,4.8260098,-2.5245414
486,-2.167386,-0.8517517,16.511822,23.107021,-1.7432579,-26.367712,-12.674031,-9.799865,24.043613,-10.133434
487,9.280282,13.881148,9.435153,7.067555,5.5459437,-23.650496,-20.505198,-5.4750204,5.9987063,-4.380778
488,7.06646,3.9032178,2.8008718,0.2871091,15.389041,-23.477102,-18.795599,-6.0769176,9.460006,-1.0208145
489,-3.6379397,13.214867,7.677693,-3.1716297,10.304246,4.007234,-8.464185,-11.071893,-10.96455,1.2816055
490,1.1621723,6.9159102,3.6245303,-4.5169144,1.3589277,16.998234,-0.029261082,-3.7754698,-17.646866,-0.38329944
491,6.9221582,10.627304,1.6118815,2.1792336,7.9916887,-22.115944,-18.841162,-16.226671,3.8909283,9.055699
492,-6.5490584,12.14946,13.213892,6.77472,8.693165,-0.34874314,-6.481291,-3.7372124,-13.233189,-7.984295
493,11.721959,7.6005745,4.9497757,-0.03267943,5.537731,-19.43664,-13.904708,-12.6829405,-2.396925,4.6334667
494,6.645579,5.673876,10.249411,1.8530196,-2.525429,-15.577496,12.97377,-10.169236,0.008822322,-11.490567
495,10.240839,4.206423,16.29561,7.973758,-3.743548,-29.935566,-7.1582284,-10.383345,5.303793,-5.590856
496,8.13064,-1.2449924,4.255926,4.611702,2.2953455,-19.854912,-14.920458,12.172437,0.6252164,3.298586
497,-2.4248478,14.674762,6.2767463,-1.3610284,12.144948,-20.62797,-17.161896,-14.191392,-1.922918,12.7999525
498,-0.5041018,4.4117136,9.401656,8.795607,1.1685927,-10.726105,-5.6040916,-5.841412,3.0973508,-4.525581
499,-2.083342,20.793634,8.742365,-0.9483384,13.050869,-24.429651,-21.494036,-16.922749,-4.896351,12.595969
500,1.9441011,8.622237,1.5544072,1.0161504,-6.701484,24.905855,-13.048422,6.116267,-3.0818543,-8.574251
501,0.5647643,13.268553,2.3993585,-1.6169558,2.8213165,0.11364869,-17.03239,3.1934595,-16.288862,12.338186
502,11.720744,6.501378,7.0281644,2.4727907,3.1287744,-19.055794,-16.545061,-3.2058322,5.2626634,-6.755085
503,2.3816597,7.2071967,0.9452517,1.6200992,1.2909759,-0.9760938,-16.186132,8.708712,-11.004235,8.330255
504,1.9455726,1.0781152,9.930242,10.596343,7.408006,-25.559544,-12.336539,-4.2351317,5.3057537,-6.6642838
505,-1.6821429,6.5862226,-0.9926916,-9.378071,1.8697902,30.816614,11.996088,-5.8906455,-20.731464,-3.6002612
506,11.866831,8.246073,8.026808,0.61312103,-5.069143,1.5087519,-10.300283,-12.695216,-1.3098996,-8.924703
507,-1.8938549,16.112448,12.821484,9.646763,7.2914014,-20.451868,-8.220359,-8.254428,-9.479776,-7.060831
508,-10.397362,4.4812117,5.843217,11.086139,1.4213089,-1.8222249,2.133357,11.921583,-7.635753,-8.272821
509,-4.087648,9.7288265,8.252956,9.400712,0.2956357,-15.050176,-14.628734,24.94461,1.4251256,1.1957434
510,8.54599,11.514996,4.1839194,0.18156144,-2.91835,2.7320902,-10.910115,-5.401807,0.042664416,-7.029492
511,7.5815597,10.653001,3.378515,-1.3792052,-3.2105587,1.0941105,-17.272823,0.9989574,-1.6253111,-4.1032076
512,-2.8482687,13.540143,-0.3845579,-1.8791535,0.8913866,4.520577,-16.352697,-2.855932,7.105426,0.7295163
513,0.35055625,11.827194,4.701254,0.799912,7.0269113,-18.763235,-11.844166,4.8560658,-1.207131,10.730659
514,9.431546,11.33881,3.6739917,0.25741616,-4.6705375,3.182387,-9.560924,1.6991485,-0.38631245,-9.690443
515,-5.5952563,12.104894,0.20917533,3.7564552,20.75242,-18.213747,-4.7662406,2.0488496,-8.989602,-2.2164629
516,7.8135247,8.614294,5.2994103,0.5302104,0.5021293,-16.721306,9.433404,-4.504232,-0.93672216,-10.680021
517,-0.43449444,7.7272015,6.2435536,2.1975572,5.544789,-4.283766,-3.1052256,3.6708965,-5.441902,-11.12714
518,4.2011456,10.555101,3.0558138,1.3676698,-3.1482384,1.6179558,-17.856785,-1.8305929,0.47313046,-2.4546506
519,-2.4748154,12.503838,10.750881,-1.0691693,9.330679,-18.859394,-8.508625,-6.008657,-6.1575346,-0.34116906
520,21.251608,12.631917,16.740295,-3.0709186,-2.1586719,-26.664679,-7.075261,-9.589959,-3.9867666,-14.508078
521,3.4071493,5.2627206,0.6409888,-6.200162,2.509006,25.999357,-8.064649,-11.671686,-12.438191,3.1951733
522,6.6571536,10.822448,4.864701,-0.21265937,4.648716,7.3654113,-12.469814,-13.399863,-5.633376,-4.552918
523,-0.07085341,14.2409315,6.4835963,-3.7946093,1.7532889,4.932398,-5.567953,-9.877597,-8.668916,-4.312131
524,-6.913486,22.13483,0.677638,-5.0844483,4.421314,13.597098,-13.294822,1.9996397,-15.410535,-0.5839834
525,8.320112,4.7464285,4.5237837,-3.7149224,-0.3690921,-0.82872045,-0.8418657,-8.66733,-3.493691,-7.8741074
526,11.918924,8.145271,7.47748,5.565764,10.008006,-24.694212,-18.246433,-6.080383,3.1246428,-3.6119711
527,4.221275,9.197991,1.0940794,-2.8178515,-4.256446,1.2029643,0.20623621,-2.9887457,-3.719222,-3.1967614
528,11.452421,12.229552,5.5190616,2.9476836,-1.5853751,-17.768253,-21.739145,5.2355275,-0.3177856,-3.3514664
529,4.242235,20.46176,9.984778,8.027512,-0.977684,-22.154106,-27.20728,-13.888075,6.1097393,3.9172173
530,11.257511,10.194744,17.304764,8.393731,-4.6902733,-21.589277,-10.633517,-6.0809417,-6.0557675,-7.594938
531,3.8209372,12.72283,10.147366,1.8146598,6.556348,-16.708822,-16.665182,1.7300248,-11.910647,-2.7038398
532,5.7168756,11.342896,3.1780229,-4.088085,6.1476274,7.746257,-10.875496,-7.2154694,-3.523819,-2.686384
533,-0.87810713,5.1361527,4.372805,2.1557848,16.613482,-16.987997,-6.264623,3.0109413,-4.8220396,-8.479568
534,9.908234,9.908043,4.788206,1.0471668,9.774843,-13.049,-12.124307,-10.502793,3.558329,-5.8319435
535,13.587852,-3.738038,13.033415,6.80951,9.66981,-26.749403,-13.0293045,-10.203321,3.8640258,-12.756401
536,-1.421684,7.9992213,-1.1301016,-2.3991055,29.127056,-14.435087,-6.42338,0.70711243,-7.9769797,-9.392691
537,-9.894229,12.474255,4.883847,8.779443,5.092344,4.200895,-7.3276196,-3.9086845,-13.624853,-1.2916957
538,10.609485,6.2237344,9.972895,11.2782,-3.9049807,-19.95821,-4.0252585,-5.1679897,-5.213393,-3.7423325
539,11.013451,8.47371,9.556749,-0.560334,1.6108023,-18.582535,-1.4812318,-0.21992564,-6.759073,-10.818357
540,0.74451196,9.917712,-5.806763,-2.196789,9.912108,-17.298016,5.8066254,4.715914,-8.680483,10.386175
541,8.325622,14.612252,7.514867,10.152667,0.416417,-13.648302,-10.221082,-5.308231,-7.302825,0.14406097
542,-11.355792,28.454288,6.5255437,2.3344102,10.153674,-7.648839,-1.5433902,8.051957,-16.491903,-5.852646
543,10.250087,5.419884,7.098438,4.1525426,3.7902157,-28.382164,-9.209075,-5.5020733,-2.2768402,3.3696048
544,8.046073,8.320085,4.2147183,0.7187879,7.3301635,-20.037304,-7.899523,-9.022731,-1.992055,-2.1041727
545,11.384773,-4.034484,13.633785,7.217478,2.5570467,-23.354486,12.902213,-7.352912,-8.188358,-13.497694
546,-0.6681112,-1.8810395,17.263636,8.405401,-1.7706683,-29.714283,19.460358,-0.91334176,9.820125,-8.054212
547,5.233509,9.032611,2.320907,-0.13927221,6.5706487,-16.99813,7.4008045,-7.963732,-1.9566919,-5.0179653
548,-8.495671,15.786946,3.4323096,0.70428324,8.1254635,-13.771112,-19.729292,5.211425,11.217455,-0.31612885
549,-5.977294,17.33992,4.520341,1.0770457,7.116891,-7.5521827,-11.093858,8.435323,-7.905642,-1.8704003
550,5.1718526,8.3546715,-0.81762266,2.029782,11.147079,-23.160223,-23.373756,11.887359,1.7680174,2.048259
551,12.225146,8.597655,5.438578,-4.4738917,2.9252605,-20.726822,-21.768204,9.762583,5.6127377,-2.15562
552,2.478722,4.128115,2.1797087,-5.694481,-6.350523,19.699951,0.8384228,-9.265094,-10.270485,7.208397
553,4.5109377,3.1121526,20.97084,9.464381,4.1895523,-29.59958,-8.285395,-3.622221,-0.2763247,-13.63034
554,8.335029,8.144789,8.816363,11.142017,3.9649546,-25.924301,-6.96634,-1.1532493,-4.314917,-4.352584
555,-11.813543,10.611343,16.095287,13.447437,3.6802156,-21.839481,-4.501607,1.4685038,-6.2492366,-4.8097973
556,7.233506,8.358743,2.8397367,-2.0436046,-3.19903,-13.274878,10.258687,-8.619112,0.6070298,-2.938812
557,-8.8184595,14.519139,7.01565,2.63347,10.581157,-2.9924634,-18.426504,3.3996825,-5.74548,-3.9947834
558,6.092285,11.628874,0.4543764,-0.08388558,9.342084,-20.186987,-20.368324,-15.397139,5.677515,11.039371
559,-4.1041107,12.507622,5.4115458,1.6451803,7.2533674,-20.210926,-17.925146,14.615089,11.424534,6.5304527
560,7.0529695,5.7246723,9.193082,0.8807725,-3.3128781,-16.84508,15.59951,-10.784094,-1.2858008,-10.888174
561,9.229463,11.270118,5.6904035,3.7076821,2.3668466,-11.877455,-7.675857,-5.0657854,-6.526599,-8.477187
562,8.105577,3.5575423,5.9573727,1.1488374,15.277887,-24.278238,-9.022501,-5.3328743,3.0830784,-4.1857753
563,-6.815672,14.718134,6.9029784,-0.32458973,11.722223,-17.462751,-11.161162,0.59844065,-5.8304887,2.2510943
564,7.4387283,0.035507947,1.7597486,2.4582322,12.452897,-3.7390842,-3.805013,-11.8412075,-6.445255,-5.904674
565,-0.9663991,15.438018,5.107203,0.6363479,9.377449,-14.411273,-18.102041,-0.4272775,-1.4422679,-2.5280094
566,-2.8726292,7.2396016,8.532609,12.717033,13.472055,-21.34025,-14.27171,-4.8033733,-6.71008,-6.8965435
567,6.165907,12.2921095,3.9445515,-0.7221768,1.4776785,3.7519956,-12.791038,-5.5928025,-0.39831463,-1.3696203
568,5.868943,4.749069,4.030038,4.7170987,7.6494417,-9.253739,-9.9314375,-11.947458,0.9540323,-6.197592
569,-4.2372313,-3.032483,12.615255,22.550951,2.6806002,-34.801964,-19.71307,15.213036,14.895261,3.7985065
570,-6.6149592,14.8078785,-0.24329746,6.4295454,1.0779034,-1.2933002,14.357929,-8.360075,-13.243366,-4.3517704
571,15.679592,5.533399,12.348111,5.08734,-6.1223645,-23.472134,14.742152,-13.072331,-8.997787,-14.246098
